Id,Area,Shape,Style,Utilities,Neighborhood,Price
1,152,1室1厅2卫,复式,不齐全,市中心,2047488.94
2,142,2室1厅1卫,公寓,部分齐全,市中心,2133443.04
3,64,1室1厅2卫,普通住宅,不齐全,远郊区,488820.22
4,156,1室1厅1卫,普通住宅,齐全,市中心,2723646.23
5,121,2室1厅1卫,别墅,不齐全,近郊区,2160596.82
6,70,2室2厅1卫,复式,齐全,市中心,1277929.92
7,152,4室2厅1卫,普通住宅,不齐全,近郊区,1921319.55
8,171,2室2厅2卫,复式,齐全,远郊区,2510837.09
9,124,3室1厅1卫,公寓,部分齐全,市中心,1548032.99
10,137,3室1厅1卫,复式,不齐全,近郊区,1119138.45
11,166,4室1厅2卫,公寓,齐全,近郊区,1891011.54
12,149,3室2厅1卫,普通住宅,齐全,近郊区,1963729.14
13,153,4室1厅2卫,普通住宅,齐全,市中心,2344032.93
14,180,1室2厅2卫,别墅,不齐全,近郊区,2874215.39
15,199,2室1厅1卫,公寓,部分齐全,市中心,2391607.18
16,102,2室2厅1卫,公寓,部分齐全,远郊区,884298.55
17,51,2室1厅2卫,复式,不齐全,远郊区,488896.94
18,137,3室2厅2卫,别墅,不齐全,市中心,3120863.48
19,87,2室2厅2卫,别墅,不齐全,市中心,2011868.14
20,179,2室2厅1卫,别墅,不齐全,远郊区,1715582.98
21,70,2室1厅1卫,公寓,不齐全,远郊区,435395.08
22,107,4室2厅2卫,普通住宅,齐全,近郊区,1315786.83
23,71,2室2厅1卫,普通住宅,齐全,远郊区,853597.94
24,138,2室1厅2卫,复式,部分齐全,近郊区,2075297.85
25,98,4室2厅1卫,复式,不齐全,远郊区,1028587.99
26,108,2室2厅1卫,公寓,齐全,远郊区,762364.07
27,64,4室2厅2卫,普通住宅,齐全,市中心,1064268.36
28,100,2室2厅1卫,别墅,齐全,远郊区,1718015.03
29,157,2室2厅2卫,普通住宅,部分齐全,远郊区,1503240.27
30,104,4室2厅1卫,复式,不齐全,远郊区,1072466.34
31,113,2室2厅1卫,普通住宅,部分齐全,市中心,1646626.92
32,180,1室1厅1卫,别墅,齐全,近郊区,3706952.33
33,100,2室2厅1卫,复式,齐全,远郊区,1011062.41
34,184,4室2厅2卫,公寓,部分齐全,远郊区,1367034.06
35,70,3室1厅1卫,普通住宅,齐全,远郊区,684898.27
36,122,3室2厅1卫,普通住宅,部分齐全,市中心,1664045.47
37,67,3室2厅1卫,公寓,齐全,近郊区,838069.91
38,181,4室1厅2卫,公寓,不齐全,市中心,2189269.92
39,138,2室1厅2卫,别墅,齐全,市中心,4091475.76
40,109,2室1厅2卫,普通住宅,不齐全,近郊区,1191965.21
41,63,2室1厅2卫,复式,部分齐全,市中心,1193404.82
42,58,4室1厅1卫,普通住宅,部分齐全,远郊区,549509.5
43,139,3室2厅1卫,别墅,不齐全,远郊区,1891307.98
44,102,1室1厅1卫,复式,不齐全,近郊区,1206320.34
45,179,1室2厅1卫,复式,不齐全,市中心,2722041.11
46,133,2室1厅2卫,复式,部分齐全,近郊区,1951658.9
47,141,2室2厅2卫,别墅,不齐全,远郊区,1660402.13
48,160,2室1厅2卫,普通住宅,不齐全,市中心,2198554.86
49,57,4室2厅2卫,复式,齐全,市中心,1114730.7
50,84,4室1厅1卫,公寓,齐全,近郊区,1106039.14
51,130,2室1厅2卫,别墅,不齐全,远郊区,1533708.88
52,99,1室1厅1卫,复式,部分齐全,近郊区,1506978.55
53,153,1室1厅1卫,别墅,部分齐全,远郊区,2180172.19
54,181,2室1厅1卫,公寓,齐全,远郊区,1406508.33
55,51,3室1厅1卫,复式,齐全,近郊区,826022.59
56,183,3室2厅1卫,普通住宅,不齐全,市中心,2381369.96
57,103,2室2厅1卫,别墅,不齐全,市中心,2088918.87
58,155,4室2厅1卫,复式,部分齐全,近郊区,2026218.06
59,53,1室1厅2卫,复式,齐全,远郊区,747664.04
60,103,3室2厅2卫,别墅,齐全,近郊区,2209300.12
61,195,4室1厅1卫,公寓,不齐全,市中心,2055043.07
62,93,1室2厅2卫,别墅,不齐全,近郊区,1764791.19
63,63,1室1厅1卫,普通住宅,不齐全,远郊区,491092.42
64,144,2室2厅1卫,公寓,不齐全,远郊区,862186.22
65,97,4室1厅2卫,普通住宅,齐全,市中心,1410968.69
66,64,4室1厅1卫,普通住宅,不齐全,近郊区,630412.43
67,89,4室1厅1卫,别墅,齐全,近郊区,1930461.35
68,131,1室1厅1卫,复式,不齐全,远郊区,1300320.95
69,160,2室2厅2卫,公寓,齐全,远郊区,1537720.42
70,102,4室1厅2卫,普通住宅,部分齐全,市中心,1594300.46
71,73,1室1厅2卫,复式,齐全,市中心,1664311.65
72,173,1室2厅2卫,复式,不齐全,市中心,2781372.35
73,90,4室2厅2卫,复式,齐全,远郊区,1041150.61
74,64,4室1厅1卫,公寓,齐全,近郊区,748702.64
75,94,3室1厅1卫,复式,齐全,远郊区,1136238.11
76,114,1室2厅1卫,别墅,部分齐全,远郊区,1197404.36
77,138,1室2厅1卫,普通住宅,部分齐全,市中心,1877520.82
78,120,1室1厅1卫,复式,部分齐全,市中心,2248809.97
79,58,1室1厅1卫,普通住宅,不齐全,市中心,679604.15
80,137,4室1厅1卫,公寓,部分齐全,远郊区,1026918.25
81,178,1室1厅2卫,普通住宅,部分齐全,近郊区,2239680.6
82,185,3室2厅1卫,复式,不齐全,近郊区,2154618.58
83,112,3室1厅2卫,公寓,齐全,近郊区,1403938.96
84,188,4室1厅2卫,公寓,不齐全,近郊区,1506388.43
85,130,4室2厅1卫,公寓,齐全,远郊区,1469718.2
86,185,1室2厅1卫,公寓,不齐全,市中心,2033102.27
87,82,1室1厅2卫,公寓,不齐全,市中心,891250.49
88,172,2室2厅1卫,普通住宅,齐全,近郊区,2443904.35
89,54,2室2厅2卫,复式,齐全,远郊区,635743.92
90,90,2室2厅2卫,普通住宅,不齐全,近郊区,1038597.23
91,77,1室2厅1卫,复式,部分齐全,近郊区,1172082.37
92,184,2室2厅1卫,公寓,不齐全,远郊区,1237113.34
93,121,1室1厅2卫,公寓,不齐全,近郊区,1062793.66
94,61,3室1厅2卫,别墅,不齐全,市中心,1408783.58
95,82,2室2厅2卫,别墅,部分齐全,远郊区,1210069.56
96,97,3室1厅1卫,普通住宅,部分齐全,近郊区,1178133.98
97,111,4室2厅1卫,普通住宅,部分齐全,市中心,1735209.34
98,86,1室2厅1卫,复式,齐全,远郊区,1050571.15
99,148,3室1厅2卫,复式,不齐全,近郊区,1996272.5
100,153,4室1厅1卫,别墅,齐全,近郊区,3184707.2
101,84,1室1厅1卫,别墅,部分齐全,市中心,1952499.78
102,150,3室1厅2卫,复式,部分齐全,远郊区,1494525.07
103,180,2室1厅2卫,普通住宅,不齐全,近郊区,1849741.36
104,50,3室1厅2卫,复式,齐全,市中心,847885.88
105,54,2室1厅1卫,普通住宅,部分齐全,市中心,800449.13
106,191,3室2厅1卫,复式,齐全,近郊区,3041410.79
107,152,2室1厅1卫,公寓,部分齐全,近郊区,1653134.53
108,76,4室1厅1卫,公寓,不齐全,远郊区,467276.94
109,186,3室2厅1卫,普通住宅,齐全,市中心,2358588.71
110,64,3室1厅1卫,普通住宅,不齐全,市中心,770325.16
111,139,4室1厅2卫,普通住宅,齐全,远郊区,1212950.08
112,91,2室1厅2卫,别墅,不齐全,近郊区,1221404.02
113,173,3室2厅1卫,别墅,部分齐全,远郊区,2687080.28
114,112,2室1厅1卫,复式,部分齐全,远郊区,1430228.86
115,145,4室2厅2卫,别墅,齐全,远郊区,2147960.61
116,101,1室2厅2卫,复式,不齐全,远郊区,954795.8
117,145,4室2厅1卫,复式,部分齐全,远郊区,1591565.89
118,181,1室2厅1卫,复式,不齐全,市中心,2658653.87
119,192,3室1厅1卫,普通住宅,不齐全,近郊区,2043178.87
120,78,4室2厅2卫,公寓,部分齐全,市中心,1168642.84
121,85,4室1厅2卫,别墅,不齐全,远郊区,968695.41
122,62,2室2厅1卫,复式,部分齐全,市中心,1153504.87
123,120,4室1厅1卫,公寓,部分齐全,近郊区,1446875.74
124,135,3室2厅1卫,复式,不齐全,近郊区,1850205.47
125,77,3室2厅1卫,普通住宅,部分齐全,远郊区,735610.79
126,115,3室2厅2卫,复式,齐全,近郊区,2162032.56
127,94,3室2厅2卫,别墅,部分齐全,近郊区,2072172.4
128,111,2室1厅2卫,公寓,部分齐全,远郊区,971753.55
129,183,4室1厅2卫,普通住宅,不齐全,市中心,2359938.47
130,77,4室1厅2卫,复式,部分齐全,市中心,1397771.06
131,77,3室1厅2卫,别墅,不齐全,远郊区,961866.93
132,157,3室2厅2卫,别墅,齐全,市中心,3949870.55
133,93,4室1厅2卫,普通住宅,部分齐全,远郊区,665951.96
134,133,2室1厅2卫,别墅,齐全,远郊区,2023170.24
135,79,3室1厅1卫,别墅,部分齐全,远郊区,1169140.58
136,124,3室1厅1卫,别墅,齐全,市中心,3044235.2
137,177,2室1厅1卫,别墅,部分齐全,市中心,4094450.1
138,141,2室2厅1卫,复式,不齐全,近郊区,1763227.71
139,178,4室2厅1卫,普通住宅,齐全,远郊区,1970084.94
140,170,4室2厅2卫,公寓,不齐全,远郊区,1146964.74
141,76,2室1厅1卫,公寓,不齐全,远郊区,581663.14
142,170,1室2厅1卫,别墅,齐全,市中心,3200464.3
143,165,2室2厅1卫,复式,部分齐全,近郊区,2774441.8
144,52,2室1厅2卫,别墅,部分齐全,市中心,1398989.43
145,152,2室2厅2卫,别墅,部分齐全,远郊区,2390342.19
146,186,4室2厅2卫,复式,不齐全,远郊区,1455734.77
147,111,2室2厅2卫,普通住宅,不齐全,市中心,1540220.91
148,100,3室1厅2卫,公寓,齐全,近郊区,1164374.85
149,108,4室1厅2卫,复式,不齐全,市中心,1305324.37
150,167,4室1厅2卫,公寓,部分齐全,远郊区,1526266.76
151,145,2室2厅2卫,复式,齐全,远郊区,2038997.33
152,162,3室1厅1卫,复式,部分齐全,远郊区,1457461.78
153,111,2室1厅2卫,别墅,齐全,市中心,2945888.19
154,101,2室1厅1卫,普通住宅,部分齐全,市中心,1658013.05
155,61,4室2厅2卫,公寓,不齐全,近郊区,639224.38
156,88,4室2厅1卫,普通住宅,不齐全,市中心,1212144.33
157,179,2室2厅2卫,别墅,部分齐全,远郊区,1898466.01
158,180,1室2厅2卫,复式,齐全,市中心,3917871.08
159,162,1室2厅2卫,公寓,不齐全,近郊区,1437610.06
160,150,4室2厅1卫,普通住宅,齐全,近郊区,2143215.79
161,162,4室1厅2卫,公寓,部分齐全,近郊区,1792025.45
162,130,4室2厅1卫,公寓,部分齐全,近郊区,1399340.34
163,162,4室2厅2卫,公寓,部分齐全,近郊区,1876626.4
164,51,2室2厅1卫,普通住宅,齐全,远郊区,479348.61
165,179,1室2厅1卫,公寓,不齐全,远郊区,1203388.19
166,103,1室2厅1卫,普通住宅,部分齐全,远郊区,841350.02
167,136,4室1厅1卫,复式,齐全,近郊区,1870429.85
168,178,3室2厅2卫,普通住宅,不齐全,市中心,2391151.01
169,196,2室2厅2卫,别墅,不齐全,市中心,3713310.49
170,175,3室2厅2卫,公寓,齐全,市中心,2532164.38
171,179,4室2厅1卫,别墅,部分齐全,市中心,4468559.03
172,102,4室1厅1卫,别墅,不齐全,市中心,1663570.75
173,117,3室1厅1卫,复式,齐全,市中心,1931677.91
174,172,1室1厅1卫,复式,齐全,远郊区,1992083.25
175,194,2室1厅1卫,普通住宅,不齐全,远郊区,1503518.11
176,87,2室1厅2卫,普通住宅,齐全,近郊区,1191894.61
177,73,1室1厅2卫,公寓,部分齐全,远郊区,482620.88
178,118,3室2厅1卫,别墅,齐全,远郊区,1982872.67
179,165,1室1厅2卫,复式,齐全,远郊区,1940438.27
180,147,1室1厅2卫,复式,齐全,市中心,2692788.6
181,188,4室2厅1卫,公寓,齐全,远郊区,1557581.69
182,193,1室1厅1卫,复式,不齐全,市中心,3246719.44
183,146,3室1厅1卫,别墅,部分齐全,市中心,3572111.54
184,173,3室2厅2卫,别墅,齐全,远郊区,2772758.4
185,119,1室2厅1卫,公寓,齐全,市中心,1749474.35
186,142,4室2厅1卫,别墅,齐全,近郊区,3299577.04
187,52,4室2厅2卫,普通住宅,齐全,市中心,844230.98
188,197,2室2厅1卫,别墅,不齐全,远郊区,2425803.91
189,196,3室2厅2卫,普通住宅,不齐全,近郊区,2220036.67
190,139,4室2厅2卫,复式,部分齐全,市中心,2560308.79
191,196,2室1厅2卫,普通住宅,不齐全,远郊区,1557620.06
192,197,4室1厅2卫,公寓,齐全,远郊区,1657427.58
193,145,4室2厅1卫,公寓,不齐全,近郊区,1284749.15
194,101,4室2厅1卫,公寓,齐全,远郊区,885509.02
195,177,4室1厅2卫,公寓,部分齐全,远郊区,1505564.57
196,88,3室2厅2卫,公寓,部分齐全,近郊区,1062476.53
197,131,3室1厅1卫,别墅,不齐全,市中心,2699787.93
198,153,1室1厅2卫,复式,部分齐全,近郊区,1908712.85
199,178,4室1厅2卫,普通住宅,部分齐全,近郊区,2245170.6
200,60,4室2厅1卫,普通住宅,不齐全,近郊区,759879.65
201,91,1室2厅1卫,复式,部分齐全,市中心,1687591.31
202,148,4室1厅2卫,公寓,部分齐全,市中心,1654379.44
203,56,3室2厅2卫,公寓,齐全,市中心,840924.53
204,193,4室2厅2卫,普通住宅,不齐全,市中心,2475521.2
205,139,4室2厅2卫,公寓,部分齐全,市中心,1875035.26
206,161,3室1厅1卫,别墅,部分齐全,近郊区,3357223.41
207,109,2室2厅1卫,别墅,齐全,市中心,3234772.98
208,162,2室1厅1卫,别墅,不齐全,近郊区,2799314.16
209,51,4室2厅2卫,复式,齐全,近郊区,839989.03
210,178,1室1厅2卫,复式,齐全,市中心,3979119.49
211,97,2室2厅1卫,别墅,不齐全,远郊区,1010514.67
212,189,3室1厅1卫,复式,部分齐全,远郊区,1949994.74
213,86,3室1厅1卫,别墅,部分齐全,市中心,1924175.99
214,58,3室1厅2卫,公寓,不齐全,市中心,661928.93
215,148,1室1厅2卫,复式,齐全,市中心,3124423.83
216,196,4室2厅2卫,别墅,不齐全,市中心,4032464.63
217,97,3室1厅1卫,复式,部分齐全,近郊区,1307082.02
218,180,3室2厅1卫,普通住宅,部分齐全,远郊区,1741371.59
219,197,1室2厅2卫,普通住宅,不齐全,近郊区,1919613.91
220,103,1室1厅1卫,别墅,齐全,远郊区,1597313.63
221,169,2室2厅1卫,别墅,部分齐全,近郊区,3397077.48
222,165,2室1厅2卫,别墅,齐全,近郊区,3456208.88
223,124,2室2厅2卫,普通住宅,不齐全,市中心,1568264.11
224,162,4室2厅2卫,复式,不齐全,近郊区,2334396.92
225,153,3室1厅1卫,普通住宅,部分齐全,近郊区,1808250.45
226,133,2室1厅2卫,别墅,部分齐全,市中心,3440532.41
227,161,1室1厅1卫,别墅,不齐全,远郊区,2039592.94
228,148,2室1厅1卫,别墅,齐全,远郊区,2756702.46
229,142,1室2厅2卫,别墅,齐全,近郊区,3084220.92
230,195,4室2厅1卫,别墅,不齐全,远郊区,2588956.75
231,177,2室2厅2卫,别墅,齐全,近郊区,4139124.64
232,159,4室1厅1卫,公寓,部分齐全,近郊区,1709691.11
233,131,3室1厅2卫,公寓,不齐全,远郊区,842417.96
234,103,1室1厅1卫,公寓,齐全,远郊区,836775.06
235,117,3室1厅1卫,普通住宅,部分齐全,远郊区,974165.62
236,82,1室1厅2卫,复式,部分齐全,远郊区,816826.31
237,191,3室2厅1卫,别墅,不齐全,远郊区,2436542.92
238,70,4室2厅2卫,公寓,部分齐全,远郊区,535556.86
239,97,3室2厅2卫,普通住宅,齐全,远郊区,963739.13
240,197,1室1厅2卫,复式,不齐全,远郊区,1829179.0
241,177,3室2厅1卫,别墅,部分齐全,市中心,4237510.73
242,185,1室1厅1卫,别墅,齐全,远郊区,2997874.91
243,184,3室1厅1卫,复式,部分齐全,市中心,3223366.18
244,194,4室2厅2卫,复式,部分齐全,近郊区,3145650.11
245,177,2室2厅2卫,复式,不齐全,近郊区,2625144.44
246,82,1室2厅2卫,普通住宅,部分齐全,市中心,1234290.79
247,164,4室2厅2卫,公寓,部分齐全,市中心,2057170.77
248,168,1室1厅2卫,别墅,齐全,远郊区,2443874.54
249,71,4室2厅2卫,公寓,部分齐全,远郊区,565308.98
250,87,4室1厅2卫,复式,部分齐全,近郊区,1235536.17
251,158,1室2厅2卫,别墅,齐全,远郊区,2227496.97
252,100,3室1厅2卫,别墅,部分齐全,市中心,2441200.74
253,57,1室2厅2卫,公寓,不齐全,远郊区,379249.35
254,76,1室1厅2卫,公寓,部分齐全,近郊区,811838.7
255,76,4室2厅1卫,别墅,部分齐全,远郊区,1237888.49
256,70,2室2厅1卫,普通住宅,部分齐全,远郊区,596779.5
257,79,3室2厅2卫,复式,部分齐全,市中心,1314350.13
258,146,1室1厅1卫,公寓,部分齐全,市中心,1819206.33
259,77,2室2厅1卫,别墅,齐全,近郊区,1730431.66
260,160,4室1厅1卫,公寓,不齐全,近郊区,1564514.13
261,110,1室2厅1卫,别墅,齐全,近郊区,2391262.1
262,97,2室2厅2卫,普通住宅,不齐全,近郊区,916154.86
263,196,3室2厅2卫,公寓,不齐全,近郊区,1948224.11
264,53,4室1厅2卫,别墅,齐全,近郊区,1237031.89
265,84,2室2厅1卫,公寓,齐全,市中心,1132516.06
266,98,2室1厅2卫,别墅,不齐全,近郊区,1593648.33
267,66,4室2厅2卫,复式,部分齐全,近郊区,1209136.27
268,95,1室2厅2卫,别墅,齐全,远郊区,1376678.81
269,166,4室1厅2卫,别墅,不齐全,市中心,2864177.83
270,55,4室2厅2卫,别墅,部分齐全,远郊区,920097.47
271,148,4室2厅2卫,别墅,部分齐全,远郊区,2422325.93
272,173,2室1厅2卫,复式,齐全,市中心,3349106.32
273,86,2室2厅1卫,普通住宅,齐全,近郊区,1084212.49
274,73,3室2厅2卫,复式,不齐全,远郊区,621813.32
275,142,4室1厅2卫,普通住宅,齐全,近郊区,1861572.47
276,95,1室1厅2卫,普通住宅,部分齐全,市中心,1529024.49
277,144,1室2厅1卫,复式,齐全,远郊区,1641820.75
278,148,4室1厅1卫,公寓,齐全,远郊区,1412899.0
279,165,4室1厅1卫,普通住宅,部分齐全,市中心,2536525.95
280,116,4室2厅2卫,复式,部分齐全,市中心,2337633.22
281,177,4室1厅2卫,别墅,齐全,远郊区,2685964.13
282,67,4室2厅2卫,复式,不齐全,远郊区,633170.62
283,74,1室1厅1卫,普通住宅,不齐全,远郊区,442961.72
284,103,3室1厅1卫,公寓,不齐全,市中心,1101831.88
285,107,4室1厅1卫,公寓,不齐全,近郊区,1093964.42
286,116,4室1厅2卫,公寓,部分齐全,近郊区,1134858.1
287,153,1室1厅2卫,别墅,部分齐全,近郊区,2661794.47
288,73,1室2厅2卫,复式,部分齐全,近郊区,1150933.16
289,163,3室2厅1卫,复式,部分齐全,市中心,3170596.5
290,81,2室2厅1卫,公寓,不齐全,市中心,981906.7
291,135,2室1厅1卫,别墅,不齐全,近郊区,1929511.5
292,176,4室1厅2卫,公寓,齐全,远郊区,1959100.49
293,179,2室1厅2卫,普通住宅,部分齐全,远郊区,1372970.9
294,66,3室2厅2卫,复式,齐全,市中心,1385423.57
295,153,1室2厅2卫,别墅,不齐全,近郊区,2458789.85
296,186,2室1厅2卫,公寓,齐全,市中心,2375323.5
297,92,3室2厅2卫,别墅,齐全,近郊区,1883779.32
298,88,3室2厅2卫,普通住宅,齐全,近郊区,1146144.22
299,75,2室2厅2卫,普通住宅,部分齐全,远郊区,618150.84
300,148,1室1厅2卫,复式,部分齐全,远郊区,1781771.38
301,99,3室2厅2卫,别墅,不齐全,远郊区,1215597.57
302,62,1室2厅2卫,公寓,齐全,市中心,777882.57
303,109,1室1厅2卫,公寓,部分齐全,远郊区,734782.41
304,184,3室1厅2卫,公寓,不齐全,远郊区,1340469.93
305,106,2室1厅2卫,复式,部分齐全,市中心,1671429.53
306,85,2室1厅1卫,普通住宅,部分齐全,市中心,1263993.28
307,69,3室2厅1卫,公寓,部分齐全,市中心,962541.82
308,114,3室1厅1卫,复式,部分齐全,远郊区,1140802.75
309,57,3室2厅2卫,复式,不齐全,近郊区,803447.91
310,193,2室1厅1卫,复式,不齐全,远郊区,1508133.33
311,191,3室2厅1卫,复式,部分齐全,近郊区,2941817.26
312,164,3室2厅2卫,复式,部分齐全,市中心,3082819.76
313,192,3室1厅2卫,复式,齐全,远郊区,2331129.79
314,141,1室1厅1卫,普通住宅,部分齐全,远郊区,1065474.25
315,147,4室2厅1卫,普通住宅,齐全,近郊区,1731146.4
316,115,4室1厅2卫,公寓,部分齐全,远郊区,1080848.35
317,81,1室2厅2卫,别墅,不齐全,远郊区,1112569.4
318,135,3室2厅2卫,普通住宅,不齐全,远郊区,1106047.57
319,100,1室1厅2卫,别墅,齐全,市中心,2826156.6
320,112,1室2厅1卫,公寓,不齐全,近郊区,1091528.92
321,174,1室2厅2卫,普通住宅,不齐全,远郊区,1260175.39
322,199,4室1厅1卫,普通住宅,不齐全,近郊区,2014317.2
323,107,1室1厅2卫,公寓,不齐全,市中心,1024854.41
324,107,4室1厅1卫,公寓,不齐全,市中心,1213948.86
325,135,2室1厅2卫,别墅,齐全,近郊区,3150206.75
326,98,4室2厅2卫,别墅,部分齐全,远郊区,1345110.99
327,119,2室2厅1卫,公寓,部分齐全,远郊区,1041270.17
328,64,4室2厅2卫,普通住宅,部分齐全,市中心,966777.14
329,103,1室2厅1卫,复式,不齐全,市中心,1395272.04
330,150,4室2厅1卫,别墅,不齐全,市中心,2774623.02
331,57,3室1厅2卫,公寓,部分齐全,市中心,831277.79
332,102,3室1厅2卫,普通住宅,不齐全,远郊区,813261.25
333,109,3室1厅1卫,普通住宅,部分齐全,市中心,1602419.6
334,157,4室1厅1卫,别墅,齐全,近郊区,3216473.23
335,54,1室1厅2卫,别墅,部分齐全,近郊区,1040423.22
336,152,2室1厅1卫,复式,不齐全,近郊区,2080460.27
337,55,1室1厅1卫,别墅,部分齐全,远郊区,884665.73
338,158,2室2厅1卫,复式,部分齐全,近郊区,2697902.82
339,165,1室2厅1卫,公寓,不齐全,近郊区,1537771.67
340,143,2室2厅1卫,别墅,齐全,远郊区,2199360.11
341,96,1室1厅1卫,复式,齐全,市中心,1938300.26
342,148,1室2厅1卫,别墅,不齐全,市中心,3148433.9
343,104,3室1厅1卫,公寓,部分齐全,市中心,1447201.87
344,101,3室1厅1卫,公寓,部分齐全,市中心,1511007.1
345,193,4室1厅1卫,复式,不齐全,市中心,3747705.65
346,62,4室2厅2卫,普通住宅,不齐全,远郊区,467494.26
347,163,1室2厅1卫,公寓,不齐全,近郊区,1780415.09
348,173,1室2厅2卫,公寓,部分齐全,市中心,2557090.95
349,155,1室1厅2卫,公寓,齐全,近郊区,1761705.06
350,196,4室2厅1卫,公寓,齐全,近郊区,2662272.84
351,194,4室2厅1卫,普通住宅,齐全,近郊区,2945778.43
352,169,1室2厅1卫,公寓,部分齐全,远郊区,1267584.05
353,112,1室1厅2卫,普通住宅,齐全,市中心,2074450.88
354,68,3室2厅2卫,别墅,部分齐全,远郊区,1096563.97
355,141,4室2厅1卫,普通住宅,部分齐全,近郊区,2069070.16
356,107,1室1厅2卫,复式,不齐全,市中心,1611206.84
357,139,4室1厅2卫,别墅,部分齐全,市中心,3253978.62
358,166,3室2厅2卫,普通住宅,不齐全,远郊区,1009484.66
359,111,4室1厅2卫,普通住宅,部分齐全,远郊区,1044107.65
360,72,4室2厅2卫,普通住宅,不齐全,近郊区,766763.27
361,176,3室1厅2卫,普通住宅,不齐全,近郊区,1673243.73
362,186,1室1厅1卫,普通住宅,部分齐全,近郊区,2106851.99
363,189,1室2厅1卫,普通住宅,部分齐全,近郊区,1893682.26
364,178,3室1厅1卫,复式,部分齐全,市中心,3692033.23
365,107,3室1厅2卫,复式,部分齐全,远郊区,1141651.93
366,171,3室2厅1卫,复式,不齐全,远郊区,2153173.27
367,50,3室2厅2卫,普通住宅,不齐全,市中心,624419.13
368,83,1室1厅1卫,别墅,不齐全,市中心,1535682.6
369,145,4室1厅1卫,复式,部分齐全,远郊区,1559687.32
370,175,3室2厅1卫,公寓,部分齐全,近郊区,1605825.89
371,167,3室1厅2卫,公寓,齐全,远郊区,1536413.43
372,97,1室2厅1卫,普通住宅,齐全,远郊区,880234.02
373,138,2室2厅2卫,别墅,齐全,远郊区,2426788.0
374,166,3室2厅1卫,复式,齐全,市中心,3306145.49
375,178,2室1厅2卫,普通住宅,不齐全,市中心,2527769.65
376,65,1室1厅1卫,别墅,齐全,市中心,1789005.77
377,118,1室1厅2卫,公寓,不齐全,市中心,1329166.15
378,71,4室2厅2卫,复式,部分齐全,市中心,1566383.02
379,142,2室2厅2卫,普通住宅,不齐全,远郊区,1175078.75
380,125,3室1厅1卫,普通住宅,不齐全,近郊区,1614910.59
381,193,2室1厅1卫,别墅,不齐全,市中心,3742227.49
382,135,1室2厅2卫,普通住宅,齐全,市中心,2168250.99
383,78,4室2厅2卫,普通住宅,齐全,市中心,1479363.94
384,118,4室2厅1卫,复式,齐全,远郊区,1237692.81
385,96,1室2厅2卫,公寓,部分齐全,远郊区,862405.42
386,143,1室2厅2卫,公寓,齐全,远郊区,1297857.96
387,193,3室1厅1卫,别墅,齐全,近郊区,3669372.93
388,134,4室1厅1卫,公寓,齐全,近郊区,1354380.41
389,88,2室2厅1卫,别墅,部分齐全,市中心,1954702.95
390,149,2室2厅2卫,复式,不齐全,市中心,1842425.82
391,82,3室1厅1卫,别墅,齐全,市中心,2034025.02
392,150,4室2厅1卫,公寓,齐全,近郊区,1882232.0
393,72,2室2厅1卫,普通住宅,部分齐全,市中心,997908.46
394,59,3室1厅2卫,复式,不齐全,市中心,1076884.32
395,118,1室2厅1卫,公寓,齐全,远郊区,1184792.46
396,149,4室1厅2卫,复式,齐全,近郊区,2778488.03
397,83,4室2厅2卫,别墅,部分齐全,远郊区,1247955.19
398,187,3室1厅2卫,公寓,不齐全,远郊区,985868.54
399,196,1室2厅1卫,普通住宅,齐全,远郊区,1725928.02
400,145,4室2厅1卫,普通住宅,齐全,远郊区,1393034.65
401,50,4室1厅1卫,普通住宅,不齐全,远郊区,344015.11
402,118,4室2厅1卫,普通住宅,部分齐全,远郊区,1035330.39
403,53,4室2厅2卫,复式,部分齐全,远郊区,703370.58
404,65,2室2厅1卫,公寓,齐全,市中心,786842.54
405,73,1室1厅1卫,普通住宅,齐全,近郊区,1078534.3
406,129,3室2厅1卫,普通住宅,不齐全,远郊区,1060915.48
407,51,2室1厅1卫,普通住宅,部分齐全,远郊区,452911.16
408,177,3室1厅1卫,别墅,部分齐全,近郊区,3131426.44
409,133,2室1厅1卫,公寓,不齐全,市中心,1363300.4
410,189,4室2厅2卫,复式,齐全,市中心,3302283.44
411,173,3室2厅1卫,别墅,齐全,近郊区,4269738.57
412,82,4室1厅2卫,别墅,不齐全,近郊区,1574344.57
413,150,4室2厅2卫,复式,齐全,近郊区,2151756.33
414,61,1室2厅1卫,普通住宅,齐全,近郊区,727840.05
415,116,3室2厅2卫,普通住宅,齐全,市中心,1965752.21
416,114,1室1厅2卫,公寓,不齐全,近郊区,993677.93
417,123,3室1厅1卫,普通住宅,部分齐全,远郊区,867943.54
418,92,4室2厅1卫,别墅,部分齐全,市中心,2085763.59
419,93,4室1厅2卫,别墅,部分齐全,近郊区,2157770.52
420,78,4室1厅1卫,别墅,部分齐全,近郊区,1411640.52
421,190,4室1厅2卫,复式,不齐全,市中心,3023647.84
422,61,1室1厅1卫,普通住宅,部分齐全,市中心,771099.02
423,144,2室2厅2卫,普通住宅,不齐全,远郊区,1151967.59
424,95,2室2厅2卫,普通住宅,部分齐全,近郊区,1129419.01
425,179,3室2厅2卫,普通住宅,齐全,近郊区,2153350.96
426,84,3室1厅2卫,公寓,不齐全,远郊区,501703.3
427,130,1室2厅1卫,公寓,不齐全,近郊区,1332196.64
428,139,4室2厅2卫,别墅,齐全,远郊区,1878166.05
429,57,2室2厅1卫,别墅,不齐全,市中心,1222102.15
430,142,2室2厅2卫,复式,不齐全,远郊区,1071401.47
431,139,4室1厅1卫,别墅,部分齐全,市中心,3577998.09
432,164,3室2厅2卫,普通住宅,不齐全,远郊区,1372188.51
433,154,2室1厅2卫,别墅,不齐全,市中心,3487587.57
434,184,3室1厅2卫,别墅,不齐全,市中心,3730454.16
435,107,3室1厅1卫,公寓,不齐全,远郊区,843347.9
436,163,3室2厅1卫,普通住宅,部分齐全,远郊区,1768430.87
437,124,2室1厅1卫,复式,不齐全,远郊区,1132297.62
438,169,1室2厅1卫,复式,不齐全,远郊区,1522582.21
439,70,1室2厅1卫,复式,不齐全,市中心,1117156.48
440,187,4室1厅1卫,别墅,不齐全,近郊区,2935462.15
441,150,2室1厅2卫,复式,部分齐全,远郊区,1562982.09
442,148,1室2厅2卫,复式,部分齐全,远郊区,1556473.34
443,85,2室2厅2卫,复式,部分齐全,远郊区,1117236.05
444,145,4室1厅1卫,公寓,不齐全,远郊区,1072853.59
445,86,3室2厅1卫,普通住宅,齐全,近郊区,1053804.04
446,61,3室2厅2卫,公寓,齐全,近郊区,543669.2
447,162,3室2厅2卫,普通住宅,部分齐全,远郊区,1218861.59
448,62,2室1厅1卫,公寓,部分齐全,近郊区,682679.2
449,72,3室1厅2卫,普通住宅,部分齐全,近郊区,666702.42
450,148,3室1厅1卫,复式,部分齐全,远郊区,1692943.82
451,154,3室1厅1卫,复式,部分齐全,远郊区,1529068.73
452,79,3室2厅1卫,复式,齐全,远郊区,979625.8
453,66,4室1厅1卫,公寓,部分齐全,近郊区,709699.93
454,162,4室2厅1卫,复式,齐全,市中心,3389313.51
455,111,4室1厅2卫,别墅,齐全,远郊区,1700329.57
456,133,3室1厅2卫,普通住宅,不齐全,远郊区,961967.28
457,161,1室2厅1卫,公寓,齐全,近郊区,1715296.78
458,135,1室2厅1卫,复式,部分齐全,远郊区,1557899.69
459,190,3室1厅1卫,复式,部分齐全,远郊区,2281525.08
460,68,1室2厅2卫,普通住宅,部分齐全,远郊区,521384.39
461,149,2室2厅2卫,复式,不齐全,近郊区,1900578.92
462,189,1室1厅1卫,复式,齐全,近郊区,3067967.52
463,196,3室1厅1卫,普通住宅,不齐全,市中心,2489834.28
464,125,4室1厅2卫,普通住宅,部分齐全,远郊区,1130814.2
465,58,2室2厅1卫,别墅,部分齐全,市中心,1325682.47
466,77,1室1厅2卫,别墅,部分齐全,远郊区,1120135.38
467,177,4室1厅1卫,普通住宅,齐全,近郊区,2419272.48
468,101,4室1厅1卫,公寓,部分齐全,市中心,1367981.22
469,132,2室2厅2卫,别墅,部分齐全,市中心,3333939.82
470,160,1室2厅1卫,普通住宅,不齐全,市中心,2172608.23
471,193,4室1厅1卫,复式,齐全,市中心,3220904.09
472,166,3室1厅1卫,公寓,齐全,近郊区,2105820.11
473,118,4室2厅1卫,复式,不齐全,远郊区,1184653.45
474,148,4室2厅2卫,别墅,部分齐全,市中心,3222187.99
475,189,1室2厅1卫,复式,齐全,远郊区,2461368.4
476,74,3室1厅1卫,公寓,部分齐全,市中心,940023.59
477,172,3室1厅1卫,普通住宅,不齐全,远郊区,1253593.42
478,102,3室2厅1卫,普通住宅,部分齐全,近郊区,1137972.15
479,193,4室2厅1卫,公寓,部分齐全,近郊区,2144568.77
480,106,2室1厅2卫,复式,齐全,市中心,1981440.26
481,88,1室2厅1卫,复式,齐全,近郊区,1542049.69
482,158,1室1厅1卫,公寓,不齐全,近郊区,1386548.5
483,91,3室2厅2卫,普通住宅,不齐全,远郊区,668775.76
484,191,4室2厅1卫,复式,不齐全,远郊区,1993631.15
485,171,2室2厅2卫,别墅,部分齐全,市中心,3979607.76
486,182,1室2厅2卫,公寓,部分齐全,市中心,2636167.71
487,124,1室2厅2卫,别墅,齐全,远郊区,2130590.89
488,195,4室2厅2卫,别墅,部分齐全,市中心,4138851.23
489,125,3室1厅2卫,普通住宅,齐全,远郊区,1340676.63
490,58,4室2厅2卫,公寓,部分齐全,近郊区,539096.61
491,123,1室2厅1卫,复式,不齐全,近郊区,1728601.36
492,194,4室1厅2卫,复式,齐全,市中心,4823907.22
493,56,3室1厅1卫,公寓,不齐全,近郊区,552476.39
494,190,3室2厅2卫,普通住宅,不齐全,近郊区,1515399.34
495,186,4室2厅1卫,复式,不齐全,远郊区,1997537.23
496,76,4室2厅2卫,复式,不齐全,远郊区,911883.21
497,171,1室2厅2卫,复式,部分齐全,近郊区,2457027.15
498,54,3室1厅1卫,普通住宅,部分齐全,市中心,783134.8
499,78,4室2厅1卫,复式,不齐全,市中心,1111938.25
500,132,1室1厅2卫,复式,不齐全,远郊区,1284270.66
501,185,1室1厅1卫,别墅,不齐全,近郊区,3339545.83
502,158,2室2厅2卫,普通住宅,部分齐全,近郊区,1986589.3
503,114,4室1厅1卫,复式,部分齐全,近郊区,2241091.85
504,135,4室2厅2卫,普通住宅,齐全,远郊区,1332332.21
505,194,4室1厅1卫,普通住宅,齐全,远郊区,1567549.03
506,120,3室2厅2卫,复式,齐全,远郊区,1513860.34
507,94,3室1厅1卫,复式,齐全,市中心,1446094.68
508,181,1室1厅2卫,普通住宅,部分齐全,市中心,2469919.24
509,85,4室1厅2卫,普通住宅,齐全,市中心,1604886.6
510,119,3室2厅1卫,普通住宅,不齐全,近郊区,1237812.71
511,68,3室2厅1卫,别墅,部分齐全,近郊区,1331284.0
512,157,1室1厅1卫,公寓,不齐全,远郊区,1238676.88
513,140,4室1厅2卫,复式,部分齐全,近郊区,2056773.39
514,139,1室2厅2卫,别墅,部分齐全,近郊区,2982261.58
515,68,1室2厅2卫,别墅,不齐全,市中心,1405964.02
516,88,2室1厅2卫,普通住宅,不齐全,远郊区,683658.16
517,175,2室1厅1卫,公寓,部分齐全,市中心,2014047.65
518,190,2室1厅2卫,复式,齐全,近郊区,2934834.22
519,175,1室2厅2卫,别墅,部分齐全,市中心,3585041.26
520,107,4室1厅1卫,复式,齐全,远郊区,1302242.15
521,197,1室2厅2卫,别墅,齐全,近郊区,4270998.99
522,110,4室2厅2卫,复式,齐全,远郊区,1224262.97
523,176,1室1厅2卫,普通住宅,不齐全,近郊区,2096089.82
524,154,1室2厅2卫,普通住宅,齐全,近郊区,2018296.06
525,50,3室1厅1卫,公寓,齐全,近郊区,582949.83
526,180,2室2厅1卫,普通住宅,齐全,远郊区,1853901.81
527,141,1室1厅2卫,别墅,部分齐全,市中心,3050110.7
528,162,2室1厅2卫,别墅,部分齐全,远郊区,2352561.27
529,105,2室2厅2卫,别墅,齐全,近郊区,2053200.46
530,166,1室2厅1卫,别墅,不齐全,远郊区,2327540.12
531,183,3室1厅2卫,普通住宅,部分齐全,远郊区,1442364.58
532,107,1室1厅1卫,普通住宅,不齐全,远郊区,790539.01
533,93,2室2厅1卫,公寓,齐全,近郊区,1113558.09
534,110,1室1厅1卫,复式,齐全,远郊区,1365228.97
535,96,3室1厅2卫,公寓,齐全,远郊区,793599.51
536,198,1室2厅2卫,复式,齐全,市中心,3656935.19
537,129,3室2厅1卫,普通住宅,齐全,市中心,1958062.78
538,167,4室2厅2卫,别墅,部分齐全,远郊区,2584007.85
539,196,1室1厅1卫,公寓,齐全,远郊区,1647521.62
540,69,4室2厅2卫,公寓,部分齐全,近郊区,810969.75
541,195,4室1厅2卫,普通住宅,部分齐全,近郊区,2423866.54
542,96,2室2厅2卫,复式,部分齐全,市中心,1386330.01
543,98,3室2厅1卫,公寓,部分齐全,市中心,1341282.69
544,63,3室1厅2卫,复式,部分齐全,近郊区,1154482.07
545,192,2室2厅1卫,公寓,部分齐全,市中心,2876799.54
546,50,3室2厅1卫,别墅,不齐全,近郊区,859040.69
547,166,2室1厅1卫,普通住宅,齐全,近郊区,1874434.35
548,103,3室2厅2卫,复式,部分齐全,远郊区,1222167.5
549,167,2室1厅2卫,普通住宅,齐全,远郊区,1715232.36
550,52,3室1厅1卫,普通住宅,齐全,市中心,807796.76
551,193,4室2厅2卫,复式,齐全,远郊区,2492768.85
552,61,3室2厅1卫,复式,部分齐全,远郊区,787676.92
553,123,1室2厅2卫,公寓,部分齐全,近郊区,1190229.27
554,65,2室1厅2卫,复式,齐全,市中心,1179043.67
555,151,1室1厅2卫,普通住宅,不齐全,远郊区,1196920.57
556,166,4室2厅2卫,普通住宅,部分齐全,市中心,2598511.95
557,57,1室1厅2卫,复式,齐全,近郊区,1010497.1
558,171,2室2厅2卫,复式,齐全,远郊区,2220889.05
559,141,4室2厅1卫,公寓,部分齐全,近郊区,1434427.14
560,139,4室1厅1卫,公寓,部分齐全,远郊区,1162031.92
561,185,3室2厅1卫,公寓,齐全,市中心,2397100.0
562,109,4室2厅2卫,普通住宅,齐全,近郊区,1393806.33
563,77,1室1厅1卫,复式,不齐全,近郊区,1007568.99
564,150,4室2厅2卫,别墅,齐全,市中心,3879006.2
565,90,3室1厅1卫,复式,部分齐全,近郊区,1662719.49
566,194,4室1厅1卫,复式,部分齐全,市中心,2941101.73
567,190,1室1厅2卫,公寓,齐全,近郊区,2062068.76
568,95,4室2厅1卫,别墅,不齐全,近郊区,1432610.86
569,84,2室2厅2卫,复式,齐全,近郊区,1279820.08
570,183,2室2厅2卫,别墅,齐全,市中心,4508636.87
571,131,3室2厅2卫,别墅,部分齐全,远郊区,1654427.45
572,164,4室1厅2卫,复式,不齐全,近郊区,2282375.1
573,96,3室1厅2卫,公寓,齐全,市中心,1327460.06
574,59,3室1厅2卫,公寓,不齐全,市中心,686480.27
575,105,3室1厅1卫,复式,不齐全,近郊区,1275596.33
576,79,4室1厅2卫,别墅,齐全,市中心,1954659.3
577,158,2室1厅1卫,别墅,部分齐全,市中心,4349998.88
578,54,1室1厅1卫,公寓,部分齐全,市中心,765492.19
579,168,4室2厅2卫,公寓,不齐全,近郊区,1274774.73
580,82,2室2厅1卫,公寓,部分齐全,远郊区,522416.23
581,167,4室2厅1卫,别墅,部分齐全,市中心,4475226.16
582,114,2室1厅2卫,别墅,齐全,近郊区,2255022.0
583,195,4室2厅2卫,公寓,不齐全,远郊区,1139639.71
584,60,2室2厅2卫,公寓,不齐全,市中心,758709.45
585,134,3室2厅2卫,别墅,齐全,市中心,3621793.73
586,75,2室1厅2卫,普通住宅,不齐全,近郊区,767268.59
587,112,3室1厅2卫,别墅,不齐全,近郊区,1995801.38
588,135,3室1厅2卫,复式,不齐全,远郊区,1128141.55
589,108,3室2厅2卫,复式,齐全,远郊区,1121020.32
590,76,3室2厅1卫,别墅,部分齐全,近郊区,1692765.67
591,147,4室2厅2卫,复式,部分齐全,近郊区,1918435.24
592,154,2室2厅1卫,普通住宅,不齐全,市中心,1686204.61
593,148,3室1厅2卫,普通住宅,部分齐全,市中心,1952042.87
594,178,4室2厅2卫,普通住宅,齐全,远郊区,2115104.21
595,198,2室1厅2卫,复式,部分齐全,远郊区,2308978.33
596,104,3室1厅1卫,公寓,齐全,市中心,1652443.12
597,55,2室1厅1卫,普通住宅,不齐全,市中心,692866.29
598,144,2室1厅1卫,普通住宅,齐全,远郊区,1281915.82
599,182,1室2厅2卫,公寓,齐全,市中心,2803662.87
600,151,4室1厅1卫,别墅,齐全,近郊区,2685597.56
601,52,1室1厅2卫,公寓,不齐全,近郊区,416073.95
602,72,4室2厅1卫,别墅,部分齐全,远郊区,1125202.53
603,102,3室2厅2卫,别墅,部分齐全,远郊区,1283600.68
604,132,1室1厅1卫,公寓,齐全,市中心,1840771.63
605,194,1室1厅2卫,普通住宅,齐全,市中心,3018763.03
606,134,2室1厅2卫,别墅,部分齐全,近郊区,2417900.75
607,127,4室1厅2卫,公寓,不齐全,市中心,1181263.51
608,159,1室1厅2卫,普通住宅,齐全,远郊区,1411375.97
609,50,1室2厅2卫,别墅,部分齐全,远郊区,655482.61
610,100,4室2厅1卫,复式,齐全,市中心,2100613.49
611,53,4室2厅1卫,普通住宅,齐全,近郊区,696295.57
612,162,1室2厅1卫,公寓,齐全,近郊区,1930320.76
613,81,4室2厅1卫,复式,不齐全,市中心,1221865.75
614,83,1室2厅2卫,公寓,不齐全,市中心,990424.91
615,141,2室1厅2卫,别墅,部分齐全,远郊区,1701181.26
616,144,4室2厅1卫,普通住宅,不齐全,远郊区,898185.68
617,121,4室1厅1卫,复式,不齐全,远郊区,891813.38
618,88,2室2厅2卫,复式,齐全,近郊区,1369750.22
619,167,2室1厅2卫,复式,部分齐全,市中心,2860165.75
620,52,4室1厅2卫,别墅,齐全,远郊区,894713.23
621,172,3室2厅2卫,普通住宅,齐全,近郊区,2090006.85
622,99,1室2厅2卫,普通住宅,齐全,远郊区,972659.23
623,61,2室1厅1卫,别墅,部分齐全,市中心,1555837.87
624,103,4室2厅1卫,公寓,齐全,近郊区,1133212.7
625,182,4室2厅1卫,复式,不齐全,市中心,3032229.34
626,106,3室2厅1卫,公寓,不齐全,市中心,1335070.71
627,194,2室1厅2卫,别墅,部分齐全,近郊区,3238316.16
628,161,2室2厅2卫,公寓,不齐全,近郊区,1478166.88
629,96,4室2厅1卫,公寓,齐全,远郊区,792513.1
630,134,2室1厅2卫,别墅,齐全,近郊区,2467604.16
631,191,3室1厅1卫,复式,部分齐全,近郊区,2395320.93
632,115,1室1厅1卫,公寓,不齐全,远郊区,676167.05
633,124,2室2厅2卫,普通住宅,齐全,市中心,2007236.54
634,152,1室1厅2卫,公寓,不齐全,近郊区,1145800.26
635,87,1室2厅1卫,公寓,不齐全,市中心,923367.84
636,99,4室1厅2卫,普通住宅,齐全,市中心,1738780.48
637,147,4室1厅2卫,复式,齐全,近郊区,2540232.14
638,131,3室1厅2卫,普通住宅,部分齐全,市中心,1822498.12
639,79,3室1厅1卫,复式,齐全,市中心,1873382.77
640,128,1室1厅2卫,别墅,部分齐全,远郊区,2154419.93
641,140,3室1厅1卫,别墅,不齐全,远郊区,1719086.97
642,101,1室2厅1卫,公寓,不齐全,远郊区,512635.56
643,128,3室2厅1卫,公寓,部分齐全,市中心,1861112.35
644,79,2室2厅2卫,别墅,部分齐全,市中心,1463545.89
645,155,4室2厅2卫,普通住宅,不齐全,远郊区,1369364.97
646,100,4室1厅1卫,别墅,齐全,近郊区,2334681.79
647,130,3室1厅1卫,复式,齐全,远郊区,1863043.06
648,182,4室1厅1卫,公寓,不齐全,近郊区,1710210.61
649,78,1室1厅2卫,普通住宅,部分齐全,近郊区,866953.41
650,181,4室2厅2卫,公寓,部分齐全,市中心,2352185.93
651,187,2室1厅2卫,别墅,不齐全,远郊区,2165120.45
652,194,3室1厅2卫,普通住宅,齐全,近郊区,2742293.67
653,123,2室1厅1卫,别墅,部分齐全,远郊区,1864722.98
654,66,4室1厅1卫,复式,齐全,市中心,1367877.22
655,133,2室1厅1卫,别墅,部分齐全,市中心,2910542.28
656,118,1室2厅1卫,普通住宅,不齐全,市中心,1841230.09
657,83,2室1厅2卫,别墅,部分齐全,近郊区,1725518.8
658,55,4室1厅1卫,公寓,不齐全,远郊区,317425.0
659,102,1室1厅2卫,公寓,部分齐全,近郊区,1014083.85
660,175,2室2厅2卫,普通住宅,不齐全,远郊区,1445447.54
661,92,2室2厅1卫,公寓,不齐全,近郊区,767892.56
662,164,2室2厅2卫,复式,部分齐全,市中心,3174341.1
663,160,3室1厅1卫,复式,齐全,市中心,3554365.66
664,129,4室2厅1卫,普通住宅,不齐全,市中心,1084163.18
665,144,3室2厅2卫,别墅,齐全,近郊区,3028797.94
666,167,4室2厅1卫,公寓,不齐全,远郊区,1149945.83
667,193,3室2厅1卫,公寓,部分齐全,市中心,2471487.75
668,57,4室1厅1卫,别墅,部分齐全,市中心,1411667.66
669,181,3室1厅2卫,别墅,不齐全,近郊区,3179997.86
670,153,1室2厅2卫,别墅,部分齐全,市中心,3695298.86
671,181,2室2厅1卫,别墅,部分齐全,市中心,4149201.91
672,74,3室1厅2卫,公寓,不齐全,近郊区,720595.71
673,145,1室2厅2卫,复式,不齐全,近郊区,1850649.75
674,142,1室1厅1卫,普通住宅,齐全,市中心,2169006.08
675,110,3室2厅1卫,普通住宅,齐全,远郊区,922629.67
676,171,1室1厅1卫,别墅,不齐全,远郊区,1733351.6
677,100,4室1厅2卫,复式,齐全,远郊区,1075225.71
678,196,3室1厅1卫,公寓,部分齐全,远郊区,1599151.77
679,70,2室1厅2卫,公寓,部分齐全,远郊区,551265.91
680,54,2室1厅2卫,普通住宅,部分齐全,远郊区,401719.26
681,141,2室2厅2卫,别墅,不齐全,近郊区,2474539.18
682,110,4室2厅2卫,复式,部分齐全,远郊区,1430182.02
683,71,3室2厅2卫,普通住宅,部分齐全,近郊区,791940.93
684,198,4室2厅1卫,复式,齐全,近郊区,2704422.23
685,119,4室2厅1卫,别墅,不齐全,近郊区,1839812.39
686,50,3室2厅2卫,别墅,不齐全,市中心,1128907.32
687,182,1室1厅1卫,普通住宅,部分齐全,远郊区,1644428.63
688,61,1室2厅2卫,别墅,不齐全,远郊区,678166.17
689,139,3室1厅1卫,复式,齐全,远郊区,1949212.27
690,95,3室1厅2卫,复式,齐全,市中心,2207835.12
691,83,2室2厅2卫,普通住宅,不齐全,近郊区,774870.74
692,127,3室2厅2卫,别墅,部分齐全,远郊区,1711742.59
693,94,4室1厅2卫,公寓,不齐全,市中心,1021867.24
694,122,2室1厅2卫,别墅,齐全,市中心,3020570.51
695,75,2室1厅1卫,普通住宅,部分齐全,远郊区,710304.46
696,96,1室1厅1卫,普通住宅,不齐全,近郊区,979726.05
697,170,4室1厅1卫,公寓,齐全,市中心,2704868.44
698,105,1室1厅1卫,普通住宅,不齐全,近郊区,1097090.51
699,143,2室2厅2卫,普通住宅,不齐全,近郊区,1687613.89
700,156,1室2厅2卫,公寓,部分齐全,远郊区,1107141.32
701,112,1室1厅2卫,公寓,齐全,远郊区,1001138.25
702,97,1室1厅2卫,复式,不齐全,远郊区,716238.86
703,110,3室1厅2卫,普通住宅,不齐全,近郊区,962225.81
704,130,2室1厅1卫,公寓,部分齐全,近郊区,1352614.86
705,75,2室1厅1卫,复式,不齐全,市中心,1228681.62
706,85,3室2厅2卫,普通住宅,齐全,市中心,1366564.1
707,50,4室1厅2卫,公寓,不齐全,市中心,545027.62
708,57,4室2厅1卫,普通住宅,部分齐全,远郊区,487441.84
709,162,2室2厅1卫,复式,部分齐全,近郊区,2729178.82
710,148,1室1厅2卫,别墅,部分齐全,近郊区,2685474.87
711,96,4室2厅2卫,普通住宅,不齐全,近郊区,1157740.57
712,176,1室1厅1卫,普通住宅,部分齐全,市中心,2712040.83
713,105,1室2厅2卫,普通住宅,齐全,远郊区,1050100.93
714,63,3室1厅1卫,普通住宅,齐全,远郊区,530580.68
715,77,2室1厅2卫,公寓,不齐全,近郊区,763874.5
716,127,3室1厅1卫,别墅,不齐全,近郊区,1971458.13
717,179,3室1厅1卫,普通住宅,齐全,近郊区,2009838.13
718,158,3室1厅1卫,公寓,齐全,近郊区,1925465.15
719,63,2室2厅1卫,别墅,齐全,市中心,1415103.42
720,105,3室1厅1卫,复式,齐全,市中心,1967670.28
721,164,4室2厅2卫,复式,齐全,近郊区,2734797.42
722,56,2室1厅2卫,复式,齐全,市中心,1388032.22
723,52,1室1厅2卫,复式,齐全,近郊区,778443.91
724,160,2室1厅2卫,复式,部分齐全,近郊区,2262181.29
725,156,4室2厅1卫,别墅,齐全,近郊区,3559955.6
726,67,3室2厅2卫,普通住宅,齐全,市中心,953496.15
727,87,2室2厅2卫,复式,齐全,近郊区,1488467.83
728,164,4室1厅2卫,普通住宅,不齐全,近郊区,1868881.8
729,64,1室2厅1卫,普通住宅,不齐全,远郊区,459869.88
730,168,1室1厅2卫,普通住宅,部分齐全,远郊区,1602068.81
731,77,2室2厅1卫,普通住宅,不齐全,市中心,988491.71
732,88,4室2厅2卫,普通住宅,部分齐全,远郊区,732603.0
733,66,1室1厅1卫,别墅,不齐全,市中心,1295390.69
734,135,3室2厅2卫,普通住宅,不齐全,近郊区,1320717.71
735,175,3室1厅1卫,别墅,不齐全,远郊区,2124476.84
736,93,1室1厅2卫,别墅,不齐全,市中心,1908951.38
737,74,4室2厅1卫,普通住宅,部分齐全,近郊区,929588.73
738,194,1室1厅2卫,别墅,齐全,远郊区,3159989.16
739,62,1室2厅2卫,复式,部分齐全,远郊区,521468.86
740,74,1室2厅2卫,复式,齐全,市中心,1486556.45
741,117,4室1厅1卫,复式,不齐全,近郊区,1273710.61
742,187,2室2厅1卫,普通住宅,不齐全,远郊区,1360992.49
743,116,2室2厅2卫,复式,齐全,近郊区,1876943.92
744,158,3室2厅1卫,公寓,齐全,近郊区,2029467.0
745,195,1室1厅2卫,公寓,齐全,远郊区,1674127.06
746,160,3室2厅2卫,公寓,不齐全,近郊区,1517510.7
747,160,4室1厅2卫,复式,部分齐全,市中心,3259468.49
748,83,3室1厅2卫,别墅,齐全,远郊区,1472243.42
749,160,2室2厅1卫,公寓,部分齐全,市中心,2090760.41
750,57,2室2厅1卫,别墅,不齐全,远郊区,704664.98
751,162,4室2厅2卫,别墅,齐全,市中心,4350362.53
752,132,3室2厅2卫,普通住宅,部分齐全,近郊区,1481094.37
753,91,4室1厅2卫,公寓,不齐全,近郊区,776572.92
754,150,3室1厅2卫,普通住宅,不齐全,市中心,1459778.93
755,55,3室1厅2卫,普通住宅,部分齐全,近郊区,576831.76
756,75,3室2厅2卫,普通住宅,部分齐全,市中心,914434.12
757,113,2室2厅2卫,复式,不齐全,远郊区,1223039.57
758,108,3室2厅2卫,普通住宅,齐全,远郊区,1072351.65
759,158,1室1厅1卫,别墅,不齐全,近郊区,2499058.18
760,170,1室2厅1卫,公寓,部分齐全,近郊区,1654277.81
761,82,4室2厅1卫,别墅,不齐全,远郊区,1026446.97
762,199,4室2厅1卫,公寓,齐全,近郊区,2151408.57
763,70,3室1厅2卫,复式,不齐全,远郊区,684856.33
764,119,2室2厅2卫,公寓,齐全,远郊区,1070104.62
765,161,1室2厅2卫,公寓,部分齐全,市中心,1946552.69
766,53,4室2厅1卫,公寓,齐全,市中心,713693.22
767,143,3室1厅1卫,公寓,齐全,远郊区,1362866.67
768,124,2室2厅1卫,别墅,不齐全,远郊区,1510625.21
769,111,1室2厅2卫,公寓,齐全,市中心,1482771.46
770,143,4室1厅1卫,普通住宅,齐全,远郊区,1329438.89
771,144,1室2厅1卫,公寓,不齐全,远郊区,872372.22
772,104,2室2厅2卫,普通住宅,齐全,远郊区,997320.25
773,186,4室2厅1卫,复式,不齐全,近郊区,2607547.62
774,180,3室1厅2卫,普通住宅,部分齐全,市中心,2637170.53
775,80,1室2厅2卫,别墅,齐全,远郊区,1547847.78
776,89,1室1厅1卫,普通住宅,齐全,远郊区,870110.95
777,85,3室2厅2卫,别墅,不齐全,近郊区,1446980.41
778,55,4室1厅2卫,普通住宅,不齐全,近郊区,508508.12
779,115,3室2厅1卫,公寓,齐全,远郊区,985256.06
780,124,4室2厅2卫,复式,不齐全,市中心,1867130.19
781,53,1室2厅1卫,别墅,不齐全,近郊区,671581.45
782,128,1室1厅2卫,别墅,齐全,市中心,3628860.17
783,183,1室1厅1卫,公寓,不齐全,近郊区,1545261.14
784,167,2室1厅2卫,公寓,不齐全,近郊区,1399821.56
785,162,4室2厅1卫,普通住宅,不齐全,市中心,2102641.45
786,143,4室1厅1卫,别墅,部分齐全,远郊区,2168413.96
787,111,4室2厅1卫,普通住宅,不齐全,市中心,1365726.67
788,128,2室2厅2卫,公寓,齐全,远郊区,1123138.12
789,185,4室1厅1卫,别墅,不齐全,远郊区,2457986.62
790,75,2室2厅1卫,复式,不齐全,近郊区,918249.4
791,93,1室1厅2卫,复式,部分齐全,近郊区,1406178.55
792,182,3室1厅2卫,别墅,不齐全,近郊区,2502470.03
793,119,1室2厅2卫,别墅,部分齐全,远郊区,1489255.7
794,167,3室2厅2卫,公寓,不齐全,远郊区,1228027.33
795,117,1室2厅2卫,别墅,不齐全,市中心,2079275.81
796,68,4室1厅2卫,别墅,部分齐全,市中心,1688834.1
797,69,1室1厅2卫,复式,齐全,市中心,1366023.24
798,162,1室1厅2卫,公寓,齐全,市中心,2240284.49
799,189,1室1厅2卫,普通住宅,齐全,远郊区,1641951.4
800,96,2室2厅2卫,别墅,不齐全,远郊区,1294860.81
